{
	"$schema": "https://raw.githubusercontent.com/martinring/tmlanguage/master/tmlanguage.json",
	"name": "Wayra Simi",
	"scopeName": "source.wayrasimi",
	"patterns": [
		{ "include": "#comments" },
		{ "include": "#keywords" },
		{ "include": "#storages" },
		{ "include": "#operators" },
		{ "include": "#strings" },
		{ "include": "#numbers" },
		{ "include": "#booleans" },
		{ "include": "#function-calls" },
		{ "include": "#identifiers" },
		{ "include": "#punctuation" }
	],
	"repository": {
		"comments": {
			"patterns": [
				{
					"name": "comment.line.number-sign.wayrasimi",
					"match": "#.*$"
				},
				{
					"name": "comment.block.wayrasimi",
					"begin": "/\\*",
					"end": "\\*/",
					"patterns": [
						{ "include": "#comments" } 
					]
				}
			]
		},
		"keywords": {
			"patterns": [
				{
					"name": "keyword.control.flow.wayrasimi",
					"match": "\\b(sichus|mana_sichus|mana|para|kutipay|pakiy|ruray|hatun_ruray)\\b"
				},
				{
					"name": "keyword.control.declaration.wayrasimi",
					"match": "\\b(var)\\b"
				},
				{
					"name": "keyword.other.imprimiy.wayrasimi",
					"match": "\\b(imprimiy)\\b"
				}
			]
		},
		"storages": {
			"patterns": [
				{
					"name": "storage.type.wayrasimi",
					"match": "\\b(yupay|qillqa|chiqi|chiqap)\\b"
				}
			]
		},
		"operators": {
			"patterns": [
				{
					"name": "keyword.operator.assignment.wayrasimi",
					"match": "="
				},
				{
					"name": "keyword.operator.equality.wayrasimi",
					"match": "==|!="
				},
				{
					"name": "keyword.operator.comparison.wayrasimi",
					"match": "<=|>=|<|>"
				},
				{
					"name": "keyword.operator.arithmetic.wayrasimi",
					"match": "\\+|\\-|\\*|\\/|%"
				},
				{
					"name": "keyword.operator.increment-decrement.wayrasimi",
					"match": "\\+\\+|\\-\\-"
				},
				{
					"name": "keyword.operator.logical.wayrasimi",
					"match": "\\b(wan|utaq)\\b"
				},
				{
					"name": "punctuation.separator.colon.wayrasimi",
					"match": ":"
				}
			]
		},
		"strings": {
			"name": "string.quoted.double.wayrasimi",
			"begin": "\"",
			"end": "\"",
			"patterns": [
				{
					"name": "constant.character.escape.wayrasimi",
					"match": "\\\\."
				}
			]
		},
		"numbers": {
			"patterns": [
				{
					"name": "constant.numeric.float.wayrasimi",
					"match": "\\b-?\\d+\\.\\d+\\b"
				},
				{
					"name": "constant.numeric.integer.wayrasimi",
					"match": "\\b-?\\d+\\b"
				}
			]
		},
		"booleans": {
			"patterns": [
				{
					"name": "constant.language.boolean.wayrasimi",
					"match": "\\b(chiqaq|mana_chiqap)\\b"
				}
			]
		},
		"function-calls": {
			"patterns": [
				{
					"match": "\\b([a-zA-Z_][a-zA-Z0-9_]*)\\s*(\\()", 
					"captures": {
						"1": { "name": "entity.name.function.wayrasimi" },
						"2": { "name": "punctuation.definition.parameters.begin.wayrasimi" }
					}
				}
			]
		},
		"identifiers": {
			"patterns": [
				{
					"name": "variable.other.wayrasimi",
					"match": "\\b[a-zA-Z_][a-zA-Z0-9_]*\\b"
				}
			]
		},
		"punctuation": {
			"patterns": [
				{
					"name": "punctuation.terminator.statement.wayrasimi",
					"match": ";"
				},
				{
					"name": "punctuation.separator.comma.wayrasimi",
					"match": ","
				},
				{
					"name": "punctuation.section.block.begin.wayrasimi",
					"match": "\\{"
				},
				{
					"name": "punctuation.section.block.end.wayrasimi",
					"match": "\\}"
				},
				{
					"name": "punctuation.section.parameters.begin.wayrasimi",
					"match": "\\("
				},
				{
					"name": "punctuation.section.parameters.end.wayrasimi",
					"match": "\\)"
				}
			]
		}
	}
}