{
    "comments": {
        "lineComment": "#",
        "blockComment": [ "/*", "*/" ]
    },
    "brackets": [
        ["{", "}"],
        ["[", "]"], // Aunque no los veo en tu ejemplo, es bueno tenerlos si planeas arrays/listas
        ["(", ")"]
    ],
    "autoClosingPairs": [
        ["{", "}"],
        ["[", "]"],
        ["(", ")"],
        ["\"", "\""],
        ["'", "'"]
    ],
    "surroundingPairs": [
        ["{", "}"],
        ["[", "]"],
        ["(", ")"],
        ["\"", "\""],
        ["'", "'"]
    ],
    "indentationRules": {
        "increaseIndentPattern": "^\\s*.*\\{\\s*$",
        "decreaseIndentPattern": "^\\s*\\}\\s*$"
    },
    "wordPattern": "/(-?\\d*\\.\\d\\w*)|([^\\`\\~\\!\\@\\#\\%\\^\\&\\*\\(\\)\\-\\=\\+\\[\\{\\]\\}\\;\\:\\'\\\"\\,\\.\\<\\>\\/\\?\\s]+)/g"
}